Year,Player,Result,Min,Gls,Ast,PK,Sh,SoT,CrdY,CrdR,Int,Tkl,xG,xAG,SCA,GCA,SoTA,GA,Saves,Save%,CS,is_goalkeeper,Rank
1998,Zinedine Zidane,28-11-6,3640.0,10.0,1.0,0.0,,50.02255639097744,5.0,1.0,,,0.2472527472527472,0.0247252747252747,1.2368214492274645,1.0,0.0,0.0,0.0,0.0,0.0,0,1
1998,Davor Šuker,22-11-7,2433.0,17.0,0.0,6.0,,50.02255639097744,2.0,0.0,,,0.6288532675709002,0.0,1.8504028258068104,0.0,0.0,0.0,0.0,0.0,0.0,0,2
1998,Ronaldo,31-7-9,4212.0,34.0,1.0,7.0,,50.02255639097744,2.0,0.0,,,0.7264957264957266,0.0213675213675213,1.068858042542253,1.0,0.0,0.0,0.0,0.0,0.0,0,3
1998,Michael Owen,20-14-10,3524.0,21.0,10.0,2.0,,50.02255639097744,5.0,1.0,,,0.536322360953462,0.2553916004540295,1.277534073549367,10.0,0.0,0.0,0.0,0.0,0.0,0,4
1998,Rivaldo,25-7-12,3753.0,20.0,1.0,2.0,,50.02255639097744,8.0,0.0,,,0.4796163069544364,0.0239808153477218,1.199581688033032,1.0,0.0,0.0,0.0,0.0,0.0,0,5
1998,Gabriel Batistuta,17-11-7,3127.0,26.0,0.0,2.0,,50.02255639097744,3.0,0.0,,,0.7483210745123121,0.0,1.4397281980134218,0.0,0.0,0.0,0.0,0.0,0.0,0,6
1998,Lilian Thuram,21-14-8,3853.0,0.0,0.0,0.0,,50.02255639097744,7.0,1.0,,,0.0,0.0,1.1684479821406617,0.0,0.0,0.0,0.0,0.0,0.0,0,7
1998,Edgar Davids,16-10-6,2385.0,2.0,0.0,0.0,,50.02255639097744,11.0,0.0,,,0.0754716981132075,0.0,1.8876436373953756,0.0,0.0,0.0,0.0,0.0,0.0,0,8
1998,Dennis Bergkamp,20-11-2,2864.0,19.0,13.0,0.0,,50.02255639097744,7.0,0.0,,,0.5970670391061452,0.4085195530726257,1.571937875414794,13.0,0.0,0.0,0.0,0.0,0.0,0,8
1998,Marcel Desailly,15-11-11,3319.0,0.0,0.0,0.0,,50.02255639097744,6.0,0.0,,,0.0,0.0,1.3564417219608225,0.0,0.0,0.0,0.0,0.0,0.0,0,10
1998,Frank de Boer,5-4-3,1021.0,2.0,1.0,0.0,,50.02255639097744,1.0,0.0,,,0.1762977473065622,0.0881488736532811,4.4094320031224,1.0,0.0,0.0,0.0,0.0,0.0,0,11
1998,Emmanuel Petit,22-10-5,3104.0,3.0,7.0,0.0,,50.02255639097744,5.0,1.0,,,0.0869845360824742,0.2029639175257731,1.4503962871095262,7.0,0.0,0.0,0.0,0.0,0.0,0,12
1998,Roberto Carlos,25-13-10,4297.0,6.0,0.0,0.0,,50.02255639097744,11.0,0.0,,,0.1256690714451943,0.0,1.047714702161501,0.0,0.0,0.0,0.0,0.0,0.0,0,13
1998,Laurent Blanc,18-8-8,3090.0,12.0,0.0,3.0,,50.02255639097744,4.0,0.0,,,0.3495145631067961,0.0,1.456967661873129,0.0,0.0,0.0,0.0,0.0,0.0,0,14
1999,Rivaldo,27-10-9,4072.0,29.0,1.0,6.0,,50.02255639097744,8.0,0.0,,,0.6409626719056974,0.0221021611001964,1.1056065999970457,1.0,0.0,0.0,0.0,0.0,0.0,0,1
1999,David Beckham,23-20-3,3949.0,8.0,11.0,0.0,,50.02255639097744,7.0,0.0,,,0.1823246391491516,0.2506963788300835,1.1400430679128817,11.0,0.0,0.0,0.0,0.0,0.0,0,2
1999,Andriy Shevchenko,7-4-3,1268.0,10.0,7.712062256809339,0.0,,50.02255639097744,1.0,0.0,,,0.7097791798107255,0.5473861223287385,3.550496904722374,7.712062256809339,0.0,0.0,0.0,0.0,0.0,0,3
1999,Gabriel Batistuta,17-6-10,2877.0,22.0,0.0,0.0,,50.02255639097744,4.0,1.0,,,0.6882168925964547,0.0,1.5648349235967918,0.0,0.0,0.0,0.0,0.0,0.0,0,4
1999,Luís Figo,24-9-7,3526.0,8.0,7.712062256809339,0.0,,50.02255639097744,16.0,2.0,,,0.2041973908111174,0.1968478738266705,1.2768094370924474,7.712062256809339,0.0,0.0,0.0,0.0,0.0,0,5
1999,Roy Keane,25-19-3,3956.0,5.0,0.0,0.0,,50.02255639097744,11.0,0.0,,,0.1137512639029322,0.0,1.1380258026258772,0.0,0.0,0.0,0.0,0.0,0.0,0,6
1999,Christian Vieri,14-7-2,2002.0,12.0,0.0,0.0,,50.02255639097744,2.0,0.0,,,0.5394605394605395,0.0,2.248766271322662,0.0,0.0,0.0,0.0,0.0,0.0,0,7
1999,Juan Sebastián Verón,18-10-9,3015.0,1.0,1.0,0.0,,50.02255639097744,9.0,1.0,,,0.0298507462686567,0.0298507462686567,1.4932106385366402,1.0,0.0,0.0,0.0,0.0,0.0,0,8
1999,Raúl,25-6-14,3922.0,28.0,7.712062256809339,4.0,,50.02255639097744,2.0,0.0,,,0.6425293217746048,0.1769723618339725,1.1478914011188093,7.712062256809339,0.0,0.0,0.0,0.0,0.0,0,9
1999,Lothar Matthäus,24-8-6,3036.0,2.0,0.0,0.0,,50.02255639097744,10.0,0.0,,,0.0592885375494071,0.0,1.4828821064519009,0.0,0.0,0.0,0.0,0.0,0.0,0,10
1999,Dwight Yorke,25-17-2,3795.0,26.0,11.0,0.0,,50.02255639097744,2.0,0.0,,,0.616600790513834,0.2608695652173913,1.1863056851615204,11.0,0.0,0.0,0.0,0.0,0.0,0,11
1999,Jaap Stam,25-18-3,3992.0,1.0,1.0,0.0,,50.02255639097744,6.0,0.0,,,0.0225450901803607,0.0225450901803607,1.127763044886766,1.0,0.0,0.0,0.0,0.0,0.0,0,12
1999,Siniša Mihajlović,19-8-3,2644.0,8.0,7.712062256809339,1.0,,50.02255639097744,9.0,1.0,,,0.2723146747352496,0.2625134656251288,1.702734521629338,7.712062256809339,0.0,0.0,0.0,0.0,0.0,0,13
1999,Zlatko Zahovič,2-1-3,509.0,7.0,7.712062256809339,0.0,,50.02255639097744,1.0,0.0,,,1.237721021611002,1.3636259393179575,8.844852799976366,7.712062256809339,0.0,0.0,0.0,0.0,0.0,0,14
1999,Pavel Nedvěd,11-7-3,1594.0,1.0,7.712062256809339,0.0,,50.02255639097744,4.0,1.0,,,0.0564617314930991,0.4354363884020329,2.824360147545778,7.712062256809339,0.0,0.0,0.0,0.0,0.0,0,15
2000,Luís Figo,29-9-11,4216.0,15.0,7.712062256809339,1.0,,50.02255639097744,17.0,1.0,,,0.3202087286527514,0.1646313100362525,1.067843945727697,7.712062256809339,0.0,0.0,0.0,0.0,0.0,0,1
2000,Zinedine Zidane,26-8-6,3305.0,6.0,7.712062256809339,1.0,,50.02255639097744,5.0,1.0,,,0.1633888048411497,0.210010772500103,1.3621876173034704,7.712062256809339,0.0,0.0,0.0,0.0,0.0,0,2
2000,Andriy Shevchenko,16-16-6,3131.0,25.0,7.712062256809339,8.0,,50.02255639097744,5.0,0.0,,,0.7186202491216863,0.2216817640092112,1.4378888774155123,7.712062256809339,0.0,0.0,0.0,0.0,0.0,0,3
2000,Thierry Henry,27-11-9,3258.0,28.0,8.0,2.0,,50.02255639097744,7.0,1.0,,,0.7734806629834254,0.2209944751381215,1.3818385743363937,8.0,0.0,0.0,0.0,0.0,0.0,0,4
2000,Alessandro Nesta,27-11-4,3582.0,0.0,7.712062256809339,0.0,,50.02255639097744,6.0,0.0,,,0.0,0.1937704084625462,1.2568481505270714,7.712062256809339,0.0,0.0,0.0,0.0,0.0,0,5
2000,Rivaldo,26-6-13,3714.0,22.0,7.712062256809339,3.0,,50.02255639097744,1.0,0.0,,,0.5331179321486268,0.186883576497803,1.2121782647248167,7.712062256809339,0.0,0.0,0.0,0.0,0.0,0,6
2000,Gabriel Batistuta,16-14-11,3470.0,29.0,7.712062256809339,0.0,,50.02255639097744,7.0,0.0,,,0.7521613832853025,0.2000246694849684,1.297415007258781,7.712062256809339,0.0,0.0,0.0,0.0,0.0,0,7
2000,Gaizka Mendieta,27-11-15,4279.0,20.0,7.712062256809339,11.0,,50.02255639097744,7.0,1.0,,,0.4206590324842252,0.1622074323703763,1.0521220086908083,7.712062256809339,0.0,0.0,0.0,0.0,0.0,0,8
2000,Raúl,24-16-13,4595.0,28.0,7.712062256809339,3.0,,50.02255639097744,2.0,0.0,,,0.5484221980413493,0.1510523619396823,0.9797671545566856,7.712062256809339,0.0,0.0,0.0,0.0,0.0,0,9
2000,Paolo Maldini,18-13-7,3340.0,1.0,7.712062256809339,0.0,,50.02255639097744,9.0,0.0,,,0.0269461077844311,0.2078100608122277,1.347913196164063,7.712062256809339,0.0,0.0,0.0,0.0,0.0,0,10
2000,David Beckham,30-8-8,3949.0,8.0,15.0,0.0,,50.02255639097744,12.0,0.0,,,0.1823246391491516,0.3418586984046594,1.1400430679128817,15.0,0.0,0.0,0.0,0.0,0.0,0,10
2000,Zlatko Zahovič,2-3-4,789.0,5.0,7.712062256809339,0.0,,50.02255639097744,0.0,0.0,,,0.5703422053231939,0.8797029190276812,5.705995025586781,7.712062256809339,0.0,0.0,0.0,0.0,0.0,0,12
2000,Francesco Totti,17-11-8,2980.0,10.0,7.712062256809339,5.0,,50.02255639097744,9.0,2.0,,,0.3020134228187919,0.2329146319170605,1.5107483473785133,7.712062256809339,0.0,0.0,0.0,0.0,0.0,0,14
2001,Michael Owen,21-10-8,2555.0,20.0,3.0,0.0,,50.02255639097744,0.0,0.0,,,0.7045009784735812,0.1056751467710371,1.762046996159675,3.0,0.0,0.0,0.0,0.0,0.0,0,1
2001,Raúl,29-10-9,4106.0,31.0,7.712062256809339,0.0,,50.02255639097744,3.0,0.0,,,0.6794934242571846,0.1690417932569022,1.0964515526517218,7.712062256809339,0.0,0.0,0.0,0.0,0.0,0,2
2001,David Beckham,24-12-7,3633.0,9.0,12.0,1.0,,50.02255639097744,6.0,0.0,,,0.2229562345169281,0.2972749793559042,1.2392045348714478,12.0,0.0,0.0,0.0,0.0,0.0,0,4
2001,Francesco Totti,21-9-4,2869.0,15.0,7.712062256809339,4.0,,50.02255639097744,5.0,0.0,,,0.4705472289996514,0.2419259683209621,1.5691983531502158,7.712062256809339,0.0,0.0,0.0,0.0,0.0,0,5
2001,Luís Figo,31-9-8,4156.0,14.0,7.712062256809339,4.0,,50.02255639097744,16.0,0.0,,,0.3031761308950914,0.167008085445823,1.0832603645784336,7.712062256809339,0.0,0.0,0.0,0.0,0.0,0,6
2001,Rivaldo,22-15-11,4112.0,34.0,7.712062256809339,7.0,,50.02255639097744,4.0,0.0,,,0.7441634241245136,0.1687951369437841,1.0948516719815102,7.712062256809339,0.0,0.0,0.0,0.0,0.0,0,7
2001,Andriy Shevchenko,18-19-11,4224.0,33.0,7.712062256809339,8.0,,50.02255639097744,1.0,0.0,,,0.703125,0.1643195083126989,1.0658215140123035,7.712062256809339,0.0,0.0,0.0,0.0,0.0,0,8
2001,Thierry Henry,27-13-10,3896.0,21.0,9.0,1.0,,50.02255639097744,6.0,0.0,,,0.4851129363449692,0.2079055441478439,1.1555518673480416,9.0,0.0,0.0,0.0,0.0,0.0,0,9
2001,Zinedine Zidane,22-12-4,3150.0,6.0,7.712062256809339,1.0,,50.02255639097744,2.0,2.0,,,0.1714285714285714,0.2203446359088382,1.4292158968850697,7.712062256809339,0.0,0.0,0.0,0.0,0.0,0,9
2001,Bixente Lizarazu,22-5-3,2363.0,0.0,7.712062256809339,0.0,,50.02255639097744,10.0,1.0,,,0.0,0.2937306826546088,1.9052179751112863,7.712062256809339,0.0,0.0,0.0,0.0,0.0,0,11
2001,David Trezeguet,18-10-3,1833.0,16.0,7.712062256809339,0.0,,50.02255639097744,1.0,1.0,,,0.7855973813420621,0.3786609946060232,2.45609933179922,7.712062256809339,0.0,0.0,0.0,0.0,0.0,0,12
2001,Stefan Effenberg,17-8-5,2638.0,5.0,7.712062256809339,2.0,,50.02255639097744,13.0,1.0,,,0.1705837755875663,0.2631105394665809,1.7066073067429754,7.712062256809339,0.0,0.0,0.0,0.0,0.0,0,13
2001,Henrik Larsson,2-1-2,482.0,4.0,7.712062256809339,1.0,,50.02255639097744,0.0,0.0,,,0.7468879668049793,1.4400116247154364,9.34031135931114,7.712062256809339,0.0,0.0,0.0,0.0,0.0,0,14
2001,Alessandro Nesta,21-7-10,3379.0,0.0,7.712062256809339,0.0,,50.02255639097744,7.0,0.0,,,0.0,0.205411542797526,1.3323557487978603,7.712062256809339,0.0,0.0,0.0,0.0,0.0,0,14
2002,Ronaldo,17-2-3,1360.0,15.0,7.712062256809339,0.0,,50.02255639097744,0.0,0.0,,,0.9926470588235294,0.5103570611123827,3.31031623175586,7.712062256809339,0.0,0.0,0.0,0.0,0.0,0,1
2002,Roberto Carlos,32-10-8,4368.0,6.0,7.712062256809339,0.0,,50.02255639097744,9.0,0.0,,,0.1236263736263736,0.1589023816650275,1.0306845410228869,7.712062256809339,0.0,0.0,0.0,0.0,0.0,0,2
2002,Zinedine Zidane,23-9-9,3489.0,10.0,7.712062256809339,0.0,,50.02255639097744,4.0,0.0,,,0.2579535683576956,0.1989353978540672,1.2903496919426682,7.712062256809339,0.0,0.0,0.0,0.0,0.0,0,4
2002,Michael Ballack,32-8-11,4454.0,26.0,7.712062256809339,3.0,,50.02255639097744,19.0,1.0,,,0.5253704535249214,0.1558342171335519,1.0107835822155298,7.712062256809339,0.0,0.0,0.0,0.0,0.0,0,5
2002,Thierry Henry,27-10-9,3865.0,31.0,5.0,6.0,,50.02255639097744,6.0,1.0,,,0.721862871927555,0.1164294954721863,1.164820200566098,5.0,0.0,0.0,0.0,0.0,0.0,0,6
2002,Raúl,30-12-9,4506.0,23.0,7.712062256809339,0.0,,50.02255639097744,2.0,0.0,,,0.459387483355526,0.1540358639842078,0.9991189691939568,7.712062256809339,0.0,0.0,0.0,0.0,0.0,0,7
2003,Rivaldo,21-6-8,2251.0,7.0,7.712062256809339,1.0,,50.02255639097744,1.0,0.0,,,0.2798756108396268,0.3083454478511064,2.00001336081207,7.712062256809339,0.0,0.0,0.0,0.0,0.0,0,8
2002,Yıldıray Baştürk,32-11-13,4367.0,4.0,7.712062256809339,0.0,,50.02255639097744,13.0,0.0,,,0.082436455232425,0.1589387687457844,1.0309205576340668,7.712062256809339,0.0,0.0,0.0,0.0,0.0,0,9
2002,Alessandro Del Piero,24-15-6,3567.0,21.0,7.712062256809339,4.0,,50.02255639097744,3.0,0.0,,,0.5298570227081582,0.1945852545872835,1.262133466551155,7.712062256809339,0.0,0.0,0.0,0.0,0.0,0,10
2002,Hasan Şaş,9-7-5,1903.0,3.0,7.712062256809339,0.0,,50.02255639097744,6.0,0.0,,,0.1418812401471361,0.3647323190293434,2.365754112027309,7.712062256809339,0.0,0.0,0.0,0.0,0.0,0,11
2002,Ronaldinho,19-15-5,2740.0,13.0,7.712062256809339,4.0,,50.02255639097744,9.0,1.0,,,0.4270072992700729,0.2533159135448323,1.6430766697766312,7.712062256809339,0.0,0.0,0.0,0.0,0.0,0,12
2002,Michael Owen,23-14-7,3453.0,26.0,1.0,1.0,,50.02255639097744,1.0,0.0,,,0.6776715899218071,0.0260642919200695,1.3038025123625745,1.0,0.0,0.0,0.0,0.0,0.0,0,13
2002,Ruud van Nistelrooy,28-9-9,3755.0,33.0,4.0,7.0,,50.02255639097744,5.0,0.0,,,0.7909454061251664,0.0958721704394141,1.1989427630327485,4.0,0.0,0.0,0.0,0.0,0.0,0,13
2002,Bernd Schneider,33-11-12,4791.0,8.0,7.712062256809339,0.0,,50.02255639097744,8.0,0.0,,,0.1502817783343769,0.144872803822342,0.939684841408468,7.712062256809339,0.0,0.0,0.0,0.0,0.0,0,15
2003,Pavel Nedvěd,26-10-8,3645.0,14.0,7.712062256809339,0.0,,50.02255639097744,6.0,0.0,,,0.345679012345679,0.1904212902915886,1.2351248491599367,7.712062256809339,0.0,0.0,0.0,0.0,0.0,0,1
2003,Thierry Henry,32-13-9,4696.0,35.0,20.0,4.0,,50.02255639097744,9.0,0.0,,,0.6707836456558773,0.383304940374787,0.9586946497419016,20.0,0.0,0.0,0.0,0.0,0.0,0,2
2003,Paolo Maldini,26-10-12,4183.0,2.0,7.712062256809339,0.0,,50.02255639097744,5.0,0.0,,,0.0430313172364331,0.1659300987599427,1.0762682465187592,7.712062256809339,0.0,0.0,0.0,0.0,0.0,0,3
2003,Andriy Shevchenko,15-9-11,2537.0,9.0,7.712062256809339,0.0,,50.02255639097744,1.0,0.0,,,0.3192747339377217,0.2735851805726608,1.7745487091793335,7.712062256809339,0.0,0.0,0.0,0.0,0.0,0,4
2003,Zinedine Zidane,25-14-8,3872.0,12.0,7.712062256809339,0.0,,50.02255639097744,4.0,0.0,,,0.2789256198347107,0.1792576454320352,1.162714378922513,7.712062256809339,0.0,0.0,0.0,0.0,0.0,0,5
2003,Ruud van Nistelrooy,32-6-7,3755.0,39.0,4.0,6.0,,50.02255639097744,5.0,0.0,,,0.9347536617842876,0.0958721704394141,1.1989427630327485,4.0,0.0,0.0,0.0,0.0,0.0,0,6
2003,Raúl,25-13-5,3736.0,25.0,7.712062256809339,0.0,,50.02255639097744,1.0,0.0,,,0.6022483940042827,0.1857830843449787,1.2050401700181932,7.712062256809339,0.0,0.0,0.0,0.0,0.0,0,7
2003,Roberto Carlos,27-17-8,4622.0,6.0,7.712062256809339,0.0,,50.02255639097744,7.0,0.0,,,0.1168325400259627,0.1501699703835656,0.974043720291642,7.712062256809339,0.0,0.0,0.0,0.0,0.0,0,8
2003,David Beckham,31-7-6,3412.0,9.0,8.0,0.0,,50.02255639097744,6.0,0.0,,,0.2373974208675263,0.2110199296600234,1.319469541379827,8.0,0.0,0.0,0.0,0.0,0.0,0,10
2003,Ronaldo,23-12-7,3164.0,29.0,7.712062256809339,0.0,,50.02255639097744,1.0,0.0,,,0.8249051833122629,0.2193696596437548,1.4228919327395608,7.712062256809339,0.0,0.0,0.0,0.0,0.0,0,11
2003,Henrik Larsson,7-2-3,1065.0,12.0,7.712062256809339,1.0,,50.02255639097744,0.0,0.0,,,1.0140845070422535,0.6517235709979723,4.227258286561474,7.712062256809339,0.0,0.0,0.0,0.0,0.0,0,12
2003,Alessandro Del Piero,19-12-6,2966.0,21.0,7.712062256809339,7.0,,50.02255639097744,1.0,0.0,,,0.6372218476062036,0.2340140266732435,1.5178793240687694,7.712062256809339,0.0,0.0,0.0,0.0,0.0,0,13
2003,Roy Makaay,27-7-15,4126.0,38.0,7.712062256809339,3.0,,50.02255639097744,0.0,0.0,,,0.8288899660688318,0.1682223953254581,1.0911367123577242,7.712062256809339,0.0,0.0,0.0,0.0,0.0,0,15
2004,Andriy Shevchenko,30-8-3,3444.0,28.0,7.712062256809339,1.0,,50.02255639097744,3.0,0.0,,,0.7317073170731708,0.2015347279654008,1.3072096617851248,7.712062256809339,0.0,0.0,0.0,0.0,0.0,0,1
2004,Deco,29-12-3,3676.0,4.0,7.712062256809339,0.0,,50.02255639097744,17.0,1.0,,,0.0979325353645266,0.1888154524246029,1.2247089431958569,7.712062256809339,0.0,0.0,0.0,0.0,0.0,0,2
2004,Ronaldinho,24-9-6,3200.0,18.0,7.712062256809339,2.0,,50.02255639097744,12.0,1.0,,,0.50625,0.2169017509727626,1.4068843984962407,7.712062256809339,0.0,0.0,0.0,0.0,0.0,0,3
2004,Thierry Henry,33-14-4,4578.0,37.0,6.0,7.0,,50.02255639097744,5.0,0.0,,,0.727391874180865,0.1179554390563564,0.983405433636516,6.0,0.0,0.0,0.0,0.0,0.0,0,4
2004,Theodoros Zagorakis,3-3-6,1065.0,0.0,7.712062256809339,0.0,,50.02255639097744,3.0,0.0,,,0.0,0.6517235709979723,4.227258286561474,7.712062256809339,0.0,0.0,0.0,0.0,0.0,0,5
2004,Adriano,13-8-6,2028.0,18.0,7.712062256809339,2.0,,50.02255639097744,0.0,0.0,,,0.7988165680473372,0.3422512835862132,2.219935934510833,7.712062256809339,0.0,0.0,0.0,0.0,0.0,0,6
2004,Pavel Nedvěd,25-6-8,3244.0,8.0,7.712062256809339,0.0,,50.02255639097744,6.0,0.0,,,0.2219482120838471,0.2139598036722689,1.3878021193551078,7.712062256809339,0.0,0.0,0.0,0.0,0.0,0,7
2004,Wayne Rooney,10-12-16,2694.0,13.0,4.0,0.0,,50.02255639097744,12.0,0.0,,,0.4342984409799554,0.1336302895322939,1.6711321734179547,4.0,0.0,0.0,0.0,0.0,0.0,0,8
2004,Ricardo Carvalho,32-12-2,4124.0,3.0,7.712062256809339,0.0,,50.02255639097744,14.0,0.0,,,0.065470417070805,0.1683039774764404,1.091665876621719,7.712062256809339,0.0,0.0,0.0,0.0,0.0,0,9
2004,Ruud van Nistelrooy,25-9-10,3805.0,28.0,2.0,3.0,,50.02255639097744,4.0,0.0,,,0.6622864651773982,0.0473061760840998,1.1831879304041972,2.0,0.0,0.0,0.0,0.0,0.0,0,9
2004,Angelos Charisteas,18-6-4,1205.0,6.0,7.712062256809339,0.0,,50.02255639097744,0.0,0.0,,,0.4481327800829875,0.5760046498861746,3.736124543724456,7.712062256809339,0.0,0.0,0.0,0.0,0.0,0,11
2004,Cristiano Ronaldo,23-5-11,2175.0,6.0,4.0,0.0,,50.02255639097744,6.0,1.0,,,0.2482758620689654,0.1655172413793103,2.069898885143894,4.0,0.0,0.0,0.0,0.0,0.0,0,12
2004,Milan Baroš,10-6-5,1117.0,7.0,3.0,0.0,,50.02255639097744,2.0,0.0,,,0.5640107430617726,0.2417188898836168,4.03046559998923,3.0,0.0,0.0,0.0,0.0,0.0,0,12
2004,Zlatan Ibrahimović,20-9-5,2369.0,17.0,7.712062256809339,1.0,,50.02255639097744,6.0,0.0,,,0.6458421274799493,0.2929867467762095,1.900392602443212,7.712062256809339,0.0,0.0,0.0,0.0,0.0,0,14
2004,Samuel Eto'o,17-5-17,3287.0,21.0,7.712062256809339,6.0,,50.02255639097744,4.0,1.0,,,0.574992394280499,0.2111608162801461,1.3696471174894949,7.712062256809339,0.0,0.0,0.0,0.0,0.0,0,15
2005,Ronaldinho,30-10-7,4096.0,16.0,7.712062256809339,6.0,,50.02255639097744,7.0,0.0,,,0.3515625,0.1694544929474708,1.099128436325188,7.712062256809339,0.0,0.0,0.0,0.0,0.0,0,1
2005,Frank Lampard,40-11-5,5003.0,20.0,18.0,3.0,,50.02255639097744,7.0,0.0,,,0.3597841295222866,0.3238057165700579,0.8998660953803657,18.0,0.0,0.0,0.0,0.0,0.0,0,2
2005,Steven Gerrard,21-9-14,3713.0,13.0,4.0,0.0,,50.02255639097744,6.0,0.0,,,0.315109076218691,0.0969566388365203,1.212504733419868,4.0,0.0,0.0,0.0,0.0,0.0,0,3
2005,Thierry Henry,26-13-5,3878.0,31.0,14.0,1.0,,50.02255639097744,3.0,0.0,,,0.7194430118617844,0.3249097472924188,1.1609154397080892,14.0,0.0,0.0,0.0,0.0,0.0,0,4
2005,Andriy Shevchenko,28-11-7,3777.0,28.0,7.712062256809339,1.0,,50.02255639097744,3.0,0.0,,,0.6671961874503575,0.1837663762543925,1.1919592468064522,7.712062256809339,0.0,0.0,0.0,0.0,0.0,0,5
2005,Paolo Maldini,31-8-7,4069.0,1.0,7.712062256809339,0.0,,50.02255639097744,4.0,0.0,,,0.0221184566232489,0.1705789145030328,1.1064217437178594,7.712062256809339,0.0,0.0,0.0,0.0,0.0,0,6
2005,Adriano,21-20-3,3394.0,31.0,7.712062256809339,3.0,,50.02255639097744,3.0,1.0,,,0.8220388921626399,0.2045037133508663,1.3264673173800736,7.712062256809339,0.0,0.0,0.0,0.0,0.0,0,7
2005,Zlatan Ibrahimović,34-11-7,4202.0,24.0,7.712062256809339,1.0,,50.02255639097744,8.0,0.0,,,0.5140409328891005,0.1651798198745455,1.0714017313631532,7.712062256809339,0.0,0.0,0.0,0.0,0.0,0,8
2005,Kaká,35-11-8,4379.0,10.0,7.712062256809339,0.0,,50.02255639097744,6.0,0.0,,,0.2055263758849052,0.1585032206240786,1.0280954727535898,7.712062256809339,0.0,0.0,0.0,0.0,0.0,0,9
2005,Samuel Eto'o,28-10-6,3710.0,29.0,7.712062256809339,4.0,,50.02255639097744,4.0,0.0,,,0.7035040431266847,0.1870850682244853,1.2134851954684551,7.712062256809339,0.0,0.0,0.0,0.0,0.0,0,10
2005,John Terry,37-9-5,4590.0,7.0,1.0,0.0,,50.02255639097744,7.0,0.0,,,0.1372549019607843,0.0196078431372549,0.9808344390387732,1.0,0.0,0.0,0.0,0.0,0.0,0,11
2005,Claude Makélélé,34-9-4,4228.0,1.0,2.0,0.0,,50.02255639097744,8.0,0.0,,,0.021286660359508,0.042573320719016,1.0648131682090751,2.0,0.0,0.0,0.0,0.0,0.0,0,13
2005,Juan Román Riquelme,24-15-10,4228.0,20.0,7.712062256809339,11.0,,50.02255639097744,8.0,1.0,,,0.4257332071901608,0.1641640499320814,1.0648131682090751,7.712062256809339,0.0,0.0,0.0,0.0,0.0,0,14
2006,Fabio Cannavaro,37-12-4,4731.0,4.0,7.712062256809339,0.0,,50.02255639097744,7.0,1.0,,,0.0760938490805326,0.1467101253673304,0.951602214159368,7.712062256809339,0.0,0.0,0.0,0.0,0.0,0,1
2006,Thierry Henry,28-11-10,4099.0,35.0,8.0,3.0,,50.02255639097744,4.0,0.0,,,0.768480117101732,0.1756525981946816,1.0983239998018954,8.0,0.0,0.0,0.0,0.0,0.0,0,3
2006,Ronaldinho,34-9-2,3941.0,24.0,7.712062256809339,9.0,,50.02255639097744,5.0,0.0,,,0.5480842425780259,0.1761191583640803,1.1423572888068942,7.712062256809339,0.0,0.0,0.0,0.0,0.0,0,4
2006,Zinedine Zidane,19-15-6,3080.0,11.0,7.712062256809339,2.0,,50.02255639097744,9.0,0.0,,,0.3214285714285714,0.22535246854313,1.4616980763597305,7.712062256809339,0.0,0.0,0.0,0.0,0.0,0,5
2006,Samuel Eto'o,30-11-4,3993.0,32.0,7.712062256809339,1.0,,50.02255639097744,2.0,0.0,,,0.7212622088655146,0.1738255955704584,1.127480609864255,7.712062256809339,0.0,0.0,0.0,0.0,0.0,0,6
2006,Miroslav Klose,24-8-8,3299.0,34.0,7.712062256809339,1.0,,50.02255639097744,5.0,1.0,,,0.9275538041830858,0.2103927260117734,1.364665072806296,7.712062256809339,0.0,0.0,0.0,0.0,0.0,0,7
2006,Didier Drogba,27-5-6,2629.0,14.0,11.0,0.0,,50.02255639097744,10.0,0.0,,,0.4792696842906047,0.3765690376569037,1.7124496292080522,11.0,0.0,0.0,0.0,0.0,0.0,0,8
2006,Andrea Pirlo,34-11-8,4457.0,6.0,7.712062256809339,0.0,,50.02255639097744,5.0,0.0,,,0.1211577294144043,0.1557293253562577,1.0101032253058042,7.712062256809339,0.0,0.0,0.0,0.0,0.0,0,9
2006,Deco,31-11-3,3728.0,5.0,7.712062256809339,0.0,,50.02255639097744,15.0,2.0,,,0.1207081545064377,0.1861817604916417,1.2076260931298202,7.712062256809339,0.0,0.0,0.0,0.0,0.0,0,11
2006,Kaká,35-9-7,3883.0,20.0,7.712062256809339,3.0,,50.02255639097744,2.0,0.0,,,0.4635591037857327,0.1787498334053155,1.159420570483639,7.712062256809339,0.0,0.0,0.0,0.0,0.0,0,11
2006,Franck Ribéry,21-14-11,3829.0,8.0,7.712062256809339,0.0,,50.02255639097744,7.0,1.0,,,0.1880386523896579,0.1812707242394464,1.1757717616056331,7.712062256809339,0.0,0.0,0.0,0.0,0.0,0,13
2006,Gennaro Gattuso,36-10-7,4188.0,3.0,7.712062256809339,0.0,,50.02255639097744,14.0,1.0,,,0.0644699140401146,0.1657319969228368,1.074983303531034,7.712062256809339,0.0,0.0,0.0,0.0,0.0,0,14
2006,Patrick Vieira,30-13-3,4038.0,7.0,7.712062256809339,0.0,,50.02255639097744,16.0,1.0,,,0.1560178306092124,0.1718884604043686,1.1149158185210426,7.712062256809339,0.0,0.0,0.0,0.0,0.0,0,14
2007,Kaká,25-13-9,4053.0,18.0,7.712062256809339,6.0,,50.02255639097744,3.0,0.0,,,0.3997039230199852,0.1712523077011696,1.110789557164562,7.712062256809339,0.0,0.0,0.0,0.0,0.0,0,1
2007,Cristiano Ronaldo,35-7-12,4504.0,25.0,8.0,3.0,,50.02255639097744,7.0,0.0,,,0.4995559502664298,0.1598579040852575,0.9995626277060324,8.0,0.0,0.0,0.0,0.0,0.0,0,2
2007,Lionel Messi,17-7-7,2376.0,15.0,7.712062256809339,0.0,,50.02255639097744,3.0,0.0,,,0.5681818181818181,0.2921235703336871,1.8947938026885396,7.712062256809339,0.0,0.0,0.0,0.0,0.0,0,3
2007,Didier Drogba,31-12-5,3996.0,26.0,4.0,0.0,,50.02255639097744,11.0,0.0,,,0.5855855855855856,0.09009009009009,1.1266341529499424,4.0,0.0,0.0,0.0,0.0,0.0,0,4
2007,Andrea Pirlo,32-15-10,4752.0,3.0,7.712062256809339,0.0,,50.02255639097744,6.0,1.0,,,0.0568181818181818,0.1460617851668435,0.9473969013442696,7.712062256809339,0.0,0.0,0.0,0.0,0.0,0,5
2007,Ruud van Nistelrooy,27-7-10,3748.0,31.0,7.712062256809339,6.0,,50.02255639097744,5.0,0.0,,,0.7443970117395945,0.1851882612360833,1.2011819837748052,7.712062256809339,0.0,0.0,0.0,0.0,0.0,0,6
2007,Zlatan Ibrahimović,25-8-4,2895.0,15.0,7.712062256809339,0.0,,50.02255639097744,12.0,3.0,,,0.466321243523316,0.2397532307816375,1.555105380030387,7.712062256809339,0.0,0.0,0.0,0.0,0.0,0,7
2007,Cesc Fàbregas,26-14-12,4318.0,4.0,11.0,0.0,,50.02255639097744,10.0,0.0,,,0.0833719314497452,0.2292728114867994,1.042619285592397,11.0,0.0,0.0,0.0,0.0,0.0,0,8
2007,Robinho,24-6-10,2321.0,7.0,7.712062256809339,0.0,,50.02255639097744,5.0,1.0,,,0.2714347264110297,0.2990459298202673,1.939694129766467,7.712062256809339,0.0,0.0,0.0,0.0,0.0,0,9
2007,Francesco Totti,25-12-9,3988.0,30.0,7.712062256809339,6.0,,50.02255639097744,4.0,1.0,,,0.6770310932798395,0.1740435313723271,1.128894201401196,7.712062256809339,0.0,0.0,0.0,0.0,0.0,0,10
2007,Frédéric Kanouté,24-9-9,3418.0,25.0,7.712062256809339,7.0,,50.02255639097744,4.0,0.0,,,0.6582796957284962,0.2030677598340668,1.3171533280245669,7.712062256809339,0.0,0.0,0.0,0.0,0.0,0,11
2007,Ronaldinho,24-8-9,3542.0,23.0,7.712062256809339,7.0,,50.02255639097744,8.0,1.0,,,0.5844155844155845,0.1959586682983739,1.2710418055302004,7.712062256809339,0.0,0.0,0.0,0.0,0.0,0,12
2007,Steven Gerrard,31-13-11,4700.0,13.0,2.0,1.0,,50.02255639097744,3.0,0.0,,,0.2489361702127659,0.0382978723404255,0.9578787394016958,2.0,0.0,0.0,0.0,0.0,0.0,0,13
2007,Juan Román Riquelme,5-4-4,1170.0,1.0,7.712062256809339,1.0,,50.02255639097744,1.0,0.0,,,0.0769230769230769,0.593235558216103,3.847888953152111,7.712062256809339,0.0,0.0,0.0,0.0,0.0,0,14
2007,Dani Alves,28-10-10,4290.0,5.0,7.712062256809339,0.0,,50.02255639097744,17.0,0.0,,,0.1048951048951049,0.1617915158771189,1.049424259950576,7.712062256809339,0.0,0.0,0.0,0.0,0.0,0,15
2008,Cristiano Ronaldo,38-13-4,4661.0,43.0,6.0,5.0,,50.02255639097744,7.0,1.0,,,0.8302939283415577,0.1158549667453336,0.9658936011988778,6.0,0.0,0.0,0.0,0.0,0.0,0,1
2008,Lionel Messi,21-10-6,2726.0,16.0,7.712062256809339,5.0,,50.02255639097744,4.0,0.0,,,0.5282465150403521,0.2546168756833604,1.6515150679339583,7.712062256809339,0.0,0.0,0.0,0.0,0.0,0,2
2008,Fernando Torres,30-15-6,3933.0,33.0,4.0,0.0,,50.02255639097744,7.0,0.0,,,0.7551487414187643,0.091533180778032,1.14468092427866,4.0,0.0,0.0,0.0,0.0,0.0,0,3
2008,Xavi,34-15-8,4689.0,11.0,7.712062256809339,0.0,,50.02255639097744,6.0,1.0,,,0.2111324376199616,0.1480242275779143,0.960125842437187,7.712062256809339,0.0,0.0,0.0,0.0,0.0,0,5
2008,Andrey Arshavin,11-4-7,1952.0,7.0,7.712062256809339,0.0,,50.02255639097744,4.0,1.0,,,0.3227459016393442,0.3555766409389552,2.3063678663872795,7.712062256809339,0.0,0.0,0.0,0.0,0.0,0,6
2008,David Villa,21-8-14,3107.0,25.0,7.712062256809339,3.0,,50.02255639097744,5.0,2.0,,,0.7241712262632765,0.223394143261294,1.4489958400991212,7.712062256809339,0.0,0.0,0.0,0.0,0.0,0,7
2008,Zlatan Ibrahimović,24-9-7,3128.0,24.0,7.712062256809339,9.0,,50.02255639097744,9.0,0.0,,,0.690537084398977,0.2218943743966881,1.439267926850374,7.712062256809339,0.0,0.0,0.0,0.0,0.0,0,8
2008,Kaká,20-8-10,3270.0,17.0,7.712062256809339,7.0,,50.02255639097744,5.0,0.0,,,0.4678899082568807,0.2122585942241102,1.3767676070911223,7.712062256809339,0.0,0.0,0.0,0.0,0.0,0,9
2008,Steven Gerrard,28-15-9,4422.0,17.0,8.0,5.0,,50.02255639097744,5.0,0.0,,,0.3459972862957937,0.1628222523744912,1.018098162638618,8.0,0.0,0.0,0.0,0.0,0.0,0,10
2008,Marcos Senna,30-5-9,3749.0,5.0,7.712062256809339,3.0,,50.02255639097744,9.0,0.0,,,0.1200320085356095,0.185138864527298,1.2008615831389624,7.712062256809339,0.0,0.0,0.0,0.0,0.0,0,11
2008,Emmanuel Adebayor,28-13-4,3558.0,27.0,4.0,3.0,,50.02255639097744,5.0,0.0,,,0.6829679595278246,0.1011804384485666,1.2653260469893113,4.0,0.0,0.0,0.0,0.0,0.0,0,12
2008,Wayne Rooney,29-9-2,3222.0,18.0,9.0,0.0,,50.02255639097744,10.0,0.0,,,0.5027932960893855,0.2513966480446927,1.3972781114798167,9.0,0.0,0.0,0.0,0.0,0.0,0,13
2008,Sergio Agüero,25-8-12,3402.0,24.0,7.712062256809339,0.0,,50.02255639097744,10.0,3.0,,,0.6349206349206349,0.204022811026702,1.323348052671361,7.712062256809339,0.0,0.0,0.0,0.0,0.0,0,14
2008,Frank Lampard,23-11-4,2966.0,15.0,8.0,6.0,,50.02255639097744,5.0,1.0,,,0.4551584625758598,0.2427511800404585,1.5178793240687694,8.0,0.0,0.0,0.0,0.0,0.0,0,15
2009,Lionel Messi,31-9-3,3444.0,32.0,7.712062256809339,3.0,,50.02255639097744,3.0,0.0,,,0.8362369337979094,0.2015347279654008,1.3072096617851248,7.712062256809339,0.0,0.0,0.0,0.0,0.0,0,1
2009,Cristiano Ronaldo,32-13-4,4112.0,22.0,6.0,4.0,,50.02255639097744,9.0,1.0,,,0.4815175097276264,0.1313229571984435,1.0948516719815102,6.0,0.0,0.0,0.0,0.0,0.0,0,2
2009,Xavi,43-11-5,4925.0,9.0,0.0,0.0,,50.02255639097744,6.0,0.0,,,0.1644670050761421,0.0,0.9141177817640548,0.0,0.0,0.0,0.0,0.0,0.0,0,3
2009,Andrés Iniesta,31-8-2,3168.0,6.0,7.712062256809339,0.0,,50.02255639097744,6.0,0.0,,,0.1704545454545454,0.2190926777502652,1.4210953520164047,7.712062256809339,0.0,0.0,0.0,0.0,0.0,0,4
2009,Samuel Eto'o,31-11-6,3870.0,36.0,7.712062256809339,3.0,,50.02255639097744,11.0,0.0,,,0.8372093023255813,0.1793502850420776,1.163315264906452,7.712062256809339,0.0,0.0,0.0,0.0,0.0,0,5
2009,Kaká,28-9-3,3256.0,18.0,2.0,8.0,,50.02255639097744,4.0,0.0,,,0.4975429975429975,0.0552825552825552,1.3826873695294748,2.0,0.0,0.0,0.0,0.0,0.0,0,6
2009,Zlatan Ibrahimović,28-12-8,4248.0,27.0,7.712062256809339,2.0,,50.02255639097744,10.0,0.0,,,0.5720338983050848,0.1633911495086724,1.0597999235376576,7.712062256809339,0.0,0.0,0.0,0.0,0.0,0,7
2009,Wayne Rooney,34-11-5,3795.0,24.0,7.0,0.0,,50.02255639097744,11.0,1.0,,,0.5691699604743083,0.1660079051383399,1.1863056851615204,7.0,0.0,0.0,0.0,0.0,0.0,0,8
2009,Didier Drogba,18-12-4,2215.0,10.0,4.0,0.0,,50.02255639097744,3.0,0.0,,,0.4063205417607223,0.1625282167042889,2.032519221303824,4.0,0.0,0.0,0.0,0.0,0.0,0,9
2009,Steven Gerrard,33-10-3,3724.0,24.0,9.0,7.0,,50.02255639097744,6.0,0.0,,,0.5800214822771214,0.2175080558539205,1.2089232210494012,9.0,0.0,0.0,0.0,0.0,0.0,0,10
2009,Fernando Torres,30-10-2,3135.0,19.0,4.0,0.0,,50.02255639097744,2.0,0.0,,,0.5454545454545454,0.1148325358851674,1.4360542504586826,4.0,0.0,0.0,0.0,0.0,0.0,0,11
2009,Cesc Fàbregas,23-9-7,3201.0,4.0,10.0,0.0,,50.02255639097744,9.0,0.0,,,0.1124648547328959,0.2811621368322399,1.4064448844698436,10.0,0.0,0.0,0.0,0.0,0.0,0,12
2009,Edin Džeko,27-8-11,3875.0,37.0,7.712062256809339,0.0,,50.02255639097744,5.0,0.0,,,0.8593548387096773,0.1791188653194427,1.161814212951734,7.712062256809339,0.0,0.0,0.0,0.0,0.0,0,13
2009,Ryan Giggs,24-10-5,2157.0,3.0,7.0,0.0,,50.02255639097744,0.0,0.0,,,0.125173852573018,0.2920723226703755,2.087172033003231,7.0,0.0,0.0,0.0,0.0,0.0,0,14
2009,Thierry Henry,34-7-5,3430.0,26.0,7.712062256809339,0.0,,50.02255639097744,5.0,0.0,,,0.6822157434402333,0.2023573186917902,1.3125452114250642,7.712062256809339,0.0,0.0,0.0,0.0,0.0,0,15
2010,Lionel Messi,38-9-3,4187.0,42.0,7.712062256809339,1.0,,50.02255639097744,3.0,0.0,,,0.9027943635060902,0.1657715794394173,1.0752400466176186,7.712062256809339,0.0,0.0,0.0,0.0,0.0,0,1
2010,Andrés Iniesta,32-8-3,2867.0,2.0,7.712062256809339,0.0,,50.02255639097744,4.0,0.0,,,0.0627833972793861,0.2420947342563099,1.5702930154126158,7.712062256809339,0.0,0.0,0.0,0.0,0.0,0,2
2010,Xavi,38-10-4,4371.0,4.0,7.712062256809339,0.0,,50.02255639097744,5.0,0.0,,,0.0823610157858613,0.1587933203186548,1.0299771391416082,7.712062256809339,0.0,0.0,0.0,0.0,0.0,0,3
2010,Wesley Sneijder,29-10-3,3296.0,9.0,7.712062256809339,0.0,,50.02255639097744,5.0,2.0,,,0.245752427184466,0.2105842242454006,1.3659071830060587,7.712062256809339,0.0,0.0,0.0,0.0,0.0,0,4
2010,Diego Forlán,21-16-17,4303.0,27.0,7.712062256809339,4.0,,50.02255639097744,3.0,0.0,,,0.5647222867766675,0.1613027197566443,1.0462537939084289,7.712062256809339,0.0,0.0,0.0,0.0,0.0,0,5
2010,Cristiano Ronaldo,31-6-5,3465.0,34.0,7.712062256809339,4.0,,50.02255639097744,6.0,2.0,,,0.8831168831168831,0.2003133053716711,1.299287178986427,7.712062256809339,0.0,0.0,0.0,0.0,0.0,0,6
2010,David Villa,29-13-7,3999.0,34.0,7.712062256809339,4.0,,50.02255639097744,7.0,1.0,,,0.765191297824456,0.1735647919762041,1.125788966038502,7.712062256809339,0.0,0.0,0.0,0.0,0.0,0,8
2010,Didier Drogba,24-9-10,3721.0,34.0,10.0,1.0,,50.02255639097744,8.0,1.0,,,0.8223595807578608,0.2418704649287825,1.209897897121196,10.0,0.0,0.0,0.0,0.0,0.0,0,9
2010,Xabi Alonso,36-4-7,4108.0,3.0,7.712062256809339,1.0,,50.02255639097744,16.0,0.0,,,0.0657254138266796,0.1689594944286369,1.0959177398218038,7.712062256809339,0.0,0.0,0.0,0.0,0.0,0,10
2010,Carles Puyol,35-9-3,4054.0,1.0,7.712062256809339,0.0,,50.02255639097744,12.0,1.0,,,0.0222002960039467,0.1712100649020326,1.110515558753816,7.712062256809339,0.0,0.0,0.0,0.0,0.0,0,11
2010,Samuel Eto'o,28-13-11,4297.0,18.0,0.0,3.0,,50.02255639097744,8.0,0.0,,,0.377007214335583,0.0,1.047714702161501,0.0,0.0,0.0,0.0,0.0,0.0,0,12
2010,Mesut Özil,28-12-9,3943.0,11.0,7.712062256809339,2.0,,50.02255639097744,3.0,0.0,,,0.2510778594978443,0.1760298257958002,1.141777853205166,7.712062256809339,0.0,0.0,0.0,0.0,0.0,0,13
2010,Arjen Robben,25-5-7,2624.0,21.0,7.712062256809339,3.0,,50.02255639097744,3.0,0.0,,,0.7202743902439025,0.2645143304545886,1.715712681092976,7.712062256809339,0.0,0.0,0.0,0.0,0.0,0,14
2010,Thomas Müller,30-11-9,3865.0,18.0,7.712062256809339,0.0,,50.02255639097744,6.0,1.0,,,0.4191461836998706,0.1795823035220803,1.164820200566098,7.712062256809339,0.0,0.0,0.0,0.0,0.0,0,15
2011,Lionel Messi,35-8-4,3997.0,43.0,7.712062256809339,5.0,,50.02255639097744,3.0,0.0,,,0.9682261696272204,0.173651639507841,1.1263522830092494,7.712062256809339,0.0,0.0,0.0,0.0,0.0,0,1
2011,Cristiano Ronaldo,38-8-3,4189.0,48.0,7.712062256809339,9.0,,50.02255639097744,5.0,0.0,,,1.0312723800429695,0.1656924333045692,1.0747266830241036,7.712062256809339,0.0,0.0,0.0,0.0,0.0,0,2
2011,Xavi,39-7-3,3926.0,6.0,1.0,0.0,,50.02255639097744,7.0,0.0,,,0.1375445746306673,0.0229240957717778,1.1467218734559272,1.0,0.0,0.0,0.0,0.0,0.0,0,3
2011,Andrés Iniesta,42-7-2,4309.0,11.0,0.0,0.0,,50.02255639097744,5.0,0.0,,,0.2297516825249478,0.0,1.0447969540932862,0.0,0.0,0.0,0.0,0.0,0.0,0,4
2011,Wayne Rooney,26-10-5,3354.0,16.0,11.0,4.0,,50.02255639097744,7.0,0.0,,,0.4293381037567084,0.295169946332737,1.3422868441228295,11.0,0.0,0.0,0.0,0.0,0.0,0,5
2011,Luis Suárez,17-10-10,3287.0,15.0,3.0,2.0,,50.02255639097744,10.0,1.0,,,0.4107088530574992,0.0821417706114998,1.3696471174894949,3.0,0.0,0.0,0.0,0.0,0.0,0,6
2011,Diego Forlán,15-8-18,2846.0,12.0,7.712062256809339,0.0,,50.02255639097744,3.0,0.0,,,0.3794799718903724,0.2438810973692341,1.5818798577610578,7.712062256809339,0.0,0.0,0.0,0.0,0.0,0,7
2011,Samuel Eto'o,25-8-12,3855.0,29.0,7.712062256809339,6.0,,50.02255639097744,3.0,0.0,,,0.6770428015564203,0.1800481460733697,1.167841783446944,7.712062256809339,0.0,0.0,0.0,0.0,0.0,0,8
2011,Mesut Özil,43-8-6,4197.0,9.0,0.0,0.0,,50.02255639097744,3.0,0.0,,,0.1929949964260185,0.0,1.0726781213218894,0.0,0.0,0.0,0.0,0.0,0.0,0,11
2011,Wesley Sneijder,25-6-12,3627.0,11.0,7.712062256809339,0.0,,50.02255639097744,3.0,0.0,,,0.2729528535980149,0.1913663091019687,1.24125450101681,7.712062256809339,0.0,0.0,0.0,0.0,0.0,0,12
2011,Thomas Müller,34-8-9,4144.0,19.0,7.712062256809339,0.0,,50.02255639097744,3.0,0.0,,,0.4126447876447877,0.1674916995928669,1.0863972189160158,7.712062256809339,0.0,0.0,0.0,0.0,0.0,0,13
2011,David Villa,45-7-2,4348.0,27.0,0.0,3.0,,50.02255639097744,3.0,1.0,,,0.5588776448942042,0.0,1.0354255002732222,0.0,0.0,0.0,0.0,0.0,0.0,0,14
2011,Bastian Schweinsteiger,29-8-8,3839.0,6.0,0.0,1.0,,50.02255639097744,10.0,0.0,,,0.1406616306329773,0.0,1.1727090583974915,0.0,0.0,0.0,0.0,0.0,0.0,0,15
2012,Lionel Messi,37-11-5,4710.0,67.0,0.0,14.0,,50.02255639097744,8.0,0.0,,,1.2802547770700636,0.0,0.9558450265791868,0.0,0.0,0.0,0.0,0.0,0.0,0,1
2012,Cristiano Ronaldo,46-7-5,5210.0,64.0,0.0,15.0,,50.02255639097744,7.0,0.0,,,1.1055662188099808,0.0,0.8641132581934684,0.0,0.0,0.0,0.0,0.0,0.0,0,2
2012,Andrés Iniesta,29-10-2,2973.0,5.0,2.0,0.0,,50.02255639097744,4.0,0.0,,,0.1513622603430877,0.0605449041372351,1.5143054406955834,2.0,0.0,0.0,0.0,0.0,0.0,0,3
2012,Xavi,33-12-3,3511.0,12.0,0.0,0.0,,50.02255639097744,2.0,0.0,,,0.3076046710338935,0.0,1.28226433357675,0.0,0.0,0.0,0.0,0.0,0.0,0,4
2012,Radamel Falcao,30-10-13,4365.0,37.0,0.0,6.0,,50.02255639097744,9.0,0.0,,,0.7628865979381443,0.0,1.0313929152778851,0.0,0.0,0.0,0.0,0.0,0.0,0,5
2012,Andrea Pirlo,27-19-0,4156.0,4.0,2.0,0.0,,50.02255639097744,6.0,0.0,,,0.0866217516843118,0.0433108758421559,1.0832603645784336,2.0,0.0,0.0,0.0,0.0,0.0,0,7
2012,Didier Drogba,22-10-8,2813.0,15.0,1.0,1.0,,50.02255639097744,3.0,1.0,,,0.4799146818343405,0.0319943121222893,1.6004372823277533,1.0,0.0,0.0,0.0,0.0,0.0,0,8
2012,Robin van Persie,29-9-15,4522.0,40.0,9.0,3.0,,50.02255639097744,9.0,0.0,,,0.796107916850951,0.1791242812914639,0.9955838290995068,9.0,0.0,0.0,0.0,0.0,0.0,0,9
2012,Zlatan Ibrahimović,27-8-11,4065.0,35.0,0.0,12.0,,50.02255639097744,6.0,1.0,,,0.7749077490774907,0.0,1.1075104736009764,0.0,0.0,0.0,0.0,0.0,0.0,0,10
2012,Xabi Alonso,43-7-3,4576.0,4.0,0.0,1.0,,50.02255639097744,19.0,0.0,,,0.0786713286713286,0.0,0.9838352437036648,0.0,0.0,0.0,0.0,0.0,0.0,0,11
2012,Yaya Touré,33-7-6,3860.0,10.0,9.0,0.0,,50.02255639097744,12.0,0.0,,,0.233160621761658,0.2098445595854922,1.16632903502279,9.0,0.0,0.0,0.0,0.0,0.0,0,12
2012,Mesut Özil,43-5-4,3966.0,10.0,3.0,1.0,,50.02255639097744,5.0,1.0,,,0.226928895612708,0.0680786686838124,1.135156347752892,3.0,0.0,0.0,0.0,0.0,0.0,0,14
2012,Wayne Rooney,32-7-7,3917.0,35.0,4.0,9.0,,50.02255639097744,2.0,1.0,,,0.8041868777125352,0.0919070717385754,1.1493566696931248,4.0,0.0,0.0,0.0,0.0,0.0,0,15
2013,Cristiano Ronaldo,33-10-9,4336.0,47.0,2.0,6.0,,50.02255639097744,12.0,0.0,,,0.9755535055350554,0.0415129151291512,1.0382910690009155,2.0,0.0,0.0,0.0,0.0,0.0,0,1
2013,Lionel Messi,35-11-5,4062.0,59.0,0.0,5.0,,50.02255639097744,1.0,0.0,,,1.3072378138847858,0.0,1.1083284281605046,0.0,0.0,0.0,0.0,0.0,0.0,0,2
2013,Franck Ribéry,38-4-2,3389.0,13.0,4.0,0.0,,50.02255639097744,4.0,0.0,,,0.3452345824727058,0.1062260253762171,1.328424336142806,4.0,0.0,0.0,0.0,0.0,0.0,0,3
2013,Zlatan Ibrahimović,33-10-6,4305.0,37.0,3.0,6.0,,50.02255639097744,11.0,2.0,,,0.7735191637630663,0.0627177700348432,1.0457677294280998,3.0,0.0,0.0,0.0,0.0,0.0,0,4
2013,Neymar,5-0-0,410.0,4.0,2.0,0.0,,50.02255639097744,1.0,0.0,,,0.8780487804878049,0.4390243902439024,10.980561158995048,2.0,0.0,0.0,0.0,0.0,0.0,0,5
2013,Andrés Iniesta,36-9-7,3760.0,4.0,0.0,0.0,,50.02255639097744,5.0,0.0,,,0.0957446808510638,0.0,1.1973484242521195,0.0,0.0,0.0,0.0,0.0,0.0,0,6
2013,Robin van Persie,37-6-6,3990.0,34.0,11.0,4.0,,50.02255639097744,8.0,0.0,,,0.7669172932330828,0.2481203007518797,1.1283283396461077,11.0,0.0,0.0,0.0,0.0,0.0,0,7
2013,Arjen Robben,26-0-2,1984.0,9.0,1.0,0.0,,50.02255639097744,2.0,0.0,,,0.4082661290322581,0.0453629032258064,2.269168384671356,1.0,0.0,0.0,0.0,0.0,0.0,0,8
2013,Gareth Bale,24-13-10,4131.0,28.0,4.0,2.0,,50.02255639097744,10.0,0.0,,,0.6100217864923747,0.0871459694989106,1.089816043376415,4.0,0.0,0.0,0.0,0.0,0.0,0,9
2013,Andrea Pirlo,35-9-8,4629.0,7.0,5.0,1.0,,50.02255639097744,8.0,0.0,,,0.136098509397278,0.0972132209980557,0.9725707658647592,5.0,0.0,0.0,0.0,0.0,0.0,0,10
2013,Radamel Falcao,23-7-8,3255.0,30.0,0.0,9.0,,50.02255639097744,9.0,0.0,,,0.8294930875576036,0.0,1.383112158275874,0.0,0.0,0.0,0.0,0.0,0.0,0,11
2013,Yaya Touré,25-10-8,3818.0,13.0,6.0,1.0,,50.02255639097744,10.0,0.0,,,0.3064431639601886,0.1414353064431639,1.1791592653713907,6.0,0.0,0.0,0.0,0.0,0.0,0,12
2013,Robert Lewandowski,26-15-9,4223.0,36.0,2.0,4.0,,50.02255639097744,3.0,1.0,,,0.7672270897466256,0.0426237272081458,1.066073898931558,2.0,0.0,0.0,0.0,0.0,0.0,0,13
2013,Philipp Lahm,38-5-3,4017.0,0.0,1.0,0.0,,50.02255639097744,5.0,0.0,,,0.0,0.022404779686333,1.1207443552870229,1.0,0.0,0.0,0.0,0.0,0.0,0,14
2013,Xavi,37-7-6,3946.0,6.0,3.0,1.0,,50.02255639097744,1.0,0.0,,,0.1368474404460213,0.0684237202230106,1.140909801112005,3.0,0.0,0.0,0.0,0.0,0.0,0,14
2014,Cristiano Ronaldo,36-9-5,4303.0,58.0,1.0,8.0,,50.02255639097744,8.0,1.0,,,1.2131071345572857,0.0209156402509876,1.0462537939084289,1.0,0.0,0.0,0.0,0.0,0.0,0,1
2014,Lionel Messi,30-9-5,3643.0,42.0,0.0,10.0,,50.02255639097744,2.0,0.0,,,1.0376063683777106,0.0,1.2358029303288416,0.0,0.0,0.0,0.0,0.0,0.0,0,2
2014,Arjen Robben,37-5-3,3186.0,21.0,3.0,1.0,,50.02255639097744,1.0,0.0,,,0.5932203389830508,0.0847457627118644,1.4130665647168767,3.0,0.0,0.0,0.0,0.0,0.0,0,4
2014,Thomas Müller,42-6-5,3712.0,25.0,3.0,5.0,,50.02255639097744,2.0,0.0,,,0.6061422413793103,0.0727370689655172,1.2128313780140003,3.0,0.0,0.0,0.0,0.0,0.0,0,5
2014,Philipp Lahm,40-6-4,4209.0,1.0,2.0,0.0,,50.02255639097744,3.0,0.0,,,0.0213827512473271,0.0427655024946543,1.0696198800636658,2.0,0.0,0.0,0.0,0.0,0.0,0,6
2014,Neymar,30-7-6,3132.0,21.0,1.0,2.0,,50.02255639097744,9.0,0.0,,,0.603448275862069,0.028735632183908,1.4374297813499266,1.0,0.0,0.0,0.0,0.0,0.0,0,7
2014,James Rodríguez,25-11-5,3208.0,15.0,3.0,3.0,,50.02255639097744,3.0,0.0,,,0.4208229426433915,0.0841645885286783,1.4033759585997412,3.0,0.0,0.0,0.0,0.0,0.0,0,8
2014,Toni Kroos,41-6-5,4063.0,4.0,4.0,0.0,,50.02255639097744,7.0,0.0,,,0.0886044794486832,0.0886044794486832,1.1080556424287398,4.0,0.0,0.0,0.0,0.0,0.0,0,9
2014,Ángel Di María,40-8-4,3776.0,8.0,1.0,0.0,,50.02255639097744,7.0,0.0,,,0.1906779661016949,0.0238347457627118,1.1922749139798647,1.0,0.0,0.0,0.0,0.0,0.0,0,10
2014,Diego Costa,34-7-7,3812.0,35.0,0.0,6.0,,50.02255639097744,9.0,0.0,,,0.8263378803777545,0.0,1.1810152348341998,0.0,0.0,0.0,0.0,0.0,0.0,0,11
2014,Gareth Bale,30-5-6,3041.0,22.0,1.0,0.0,,50.02255639097744,3.0,0.0,,,0.6511016113120683,0.0295955277869122,1.4804439576415551,1.0,0.0,0.0,0.0,0.0,0.0,0,12
2014,Zlatan Ibrahimović,34-8-5,3928.0,40.0,2.0,8.0,,50.02255639097744,8.0,0.0,,,0.9164969450101832,0.0458248472505091,1.1461380028482613,2.0,0.0,0.0,0.0,0.0,0.0,0,13
2014,Yaya Touré,31-7-11,4095.0,21.0,10.0,6.0,,50.02255639097744,9.0,0.0,,,0.4615384615384615,0.2197802197802197,1.099396843757746,10.0,0.0,0.0,0.0,0.0,0.0,0,14
2014,Mario Götze,35-7-5,2773.0,18.0,1.0,0.0,,50.02255639097744,0.0,0.0,,,0.5842048323115759,0.0324558240173097,1.623523287121518,1.0,0.0,0.0,0.0,0.0,0.0,0,15
2015,Lionel Messi,54-7-8,6157.0,62.0,31.0,8.0,17.0,6.0,7.0,0.0,1.0,1.0,0.9062855286665584,0.4531427643332791,0.0877050511612798,31.0,0.0,0.0,0.0,0.0,0.0,0,1
2015,Cristiano Ronaldo,42-5-9,4848.0,66.0,19.0,14.0,20.0,10.0,7.0,1.0,3.0,2.0,1.2252475247524752,0.3527227722772277,0.1856435643564356,19.0,0.0,0.0,0.0,0.0,0.0,0,2
2015,Neymar,52-3-7,5035.0,48.0,11.0,1.0,8.0,3.0,11.0,1.0,0.0,1.0,0.8579940417080437,0.1966236345580933,0.0536246276067527,11.0,0.0,0.0,0.0,0.0,0.0,0,3
2015,Robert Lewandowski,38-10-8,4599.0,32.0,11.0,1.0,128.0,56.0,2.0,0.0,14.0,6.0,0.6262230919765166,0.2152641878669275,1.095890410958904,11.0,0.0,0.0,0.0,0.0,0.0,0,4
2015,Luis Suárez,36-4-5,3713.0,26.0,19.0,0.0,,50.02255639097744,7.0,0.0,,,0.6302181524373821,0.4605440344734716,1.212504733419868,19.0,0.0,0.0,0.0,0.0,0.0,0,5
2015,Thomas Müller,41-8-9,4367.0,27.0,15.0,7.0,107.0,49.0,3.0,0.0,16.0,21.0,0.5564460728188688,0.3091367071215937,1.0098465765972064,15.0,0.0,0.0,0.0,0.0,0.0,0,6
2015,Eden Hazard,39-16-6,5153.0,21.0,11.0,7.0,90.0,38.0,4.0,0.0,27.0,26.0,0.3667766349699204,0.1921210945080535,0.6636910537550942,11.0,0.0,0.0,0.0,0.0,0.0,0,8
2015,Andrés Iniesta,35-4-7,3159.0,3.0,6.0,0.0,7.0,1.0,3.0,0.0,0.0,2.0,0.0854700854700854,0.1709401709401709,0.0284900284900284,6.0,0.0,0.0,0.0,0.0,0.0,0,9
2015,Alexis Sánchez,38-13-12,5242.0,28.0,12.0,0.0,134.0,52.0,6.0,0.0,41.0,51.0,0.4807325448302175,0.2060282334986646,0.8927890118275467,12.0,0.0,0.0,0.0,0.0,0.0,0,10
2015,Zlatan Ibrahimović,24-12-5,3367.0,36.0,9.0,12.0,22.0,8.0,7.0,1.0,3.0,1.0,0.9622809622809624,0.2405702405702405,0.2138402138402138,9.0,0.0,0.0,0.0,0.0,0.0,0,11
2015,Yaya Touré,28-8-11,3833.0,13.0,1.0,3.0,97.0,30.0,8.0,1.0,23.0,30.0,0.3052439342551526,0.0234803026350117,0.7044090790503522,1.0,0.0,0.0,0.0,0.0,0.0,0,12
2015,Sergio Agüero,27-11-14,3890.0,40.0,10.0,8.0,157.0,67.0,9.0,0.0,13.0,19.0,0.9254498714652956,0.2313624678663239,1.5501285347043705,10.0,0.0,0.0,0.0,0.0,0.0,0,13
2015,Javier Mascherano,49-4-8,5165.0,0.0,2.0,0.0,1.0,0.0,14.0,1.0,5.0,2.0,0.0,0.0348499515972894,0.0,2.0,0.0,0.0,0.0,0.0,0.0,0,14
2015,Paul Pogba,29-12-7,3831.0,12.0,7.0,0.0,,50.02255639097744,9.0,0.0,,,0.2819107282693813,0.1644479248238058,1.1751579418397209,7.0,0.0,0.0,0.0,0.0,0.0,0,15
2016,Cristiano Ronaldo,40-12-7,5242.0,56.0,14.0,8.0,362.0,149.0,3.0,0.0,13.0,13.0,0.961465089660435,0.2403662724151087,2.558183899275086,14.0,0.0,0.0,0.0,0.0,0.0,0,1
2016,Lionel Messi,43-10-6,4992.0,49.0,25.0,5.0,214.0,102.0,6.0,0.0,7.0,15.0,0.8834134615384616,0.4507211538461539,1.838942307692308,25.0,0.0,0.0,0.0,0.0,0.0,0,2
2016,Antoine Griezmann,46-10-11,5205.0,37.0,7.0,2.0,142.0,74.0,6.0,0.0,66.0,72.0,0.6397694524495677,0.1210374639769452,1.2795389048991357,7.0,0.0,0.0,0.0,0.0,0.0,0,3
2016,Luis Suárez,40-7-6,4766.0,55.0,24.0,3.0,167.0,86.0,12.0,0.0,12.0,27.0,1.0386067981535878,0.4532102391942929,1.624003357112883,24.0,0.0,0.0,0.0,0.0,0.0,0,4
2016,Neymar,41-6-6,4670.0,33.0,16.0,7.0,159.0,75.0,12.0,0.0,16.0,36.0,0.6359743040685224,0.3083511777301927,1.4453961456102784,16.0,0.0,0.0,0.0,0.0,0.0,0,5
2016,Gareth Bale,27-6-7,3115.0,24.0,12.0,0.0,146.0,61.0,4.0,0.0,31.0,19.0,0.6934189406099518,0.3467094703049759,1.7624398073836276,12.0,0.0,0.0,0.0,0.0,0.0,0,6
2016,Riyad Mahrez,26-14-4,3548.0,19.0,15.0,4.0,86.0,39.0,1.0,0.0,39.0,42.0,0.4819616685456595,0.3804960541149943,0.9892897406989852,15.0,0.0,0.0,0.0,0.0,0.0,0,7
2016,Jamie Vardy,29-13-6,3824.0,28.0,6.0,5.0,123.0,56.0,8.0,1.0,19.0,35.0,0.6589958158995816,0.1412133891213389,1.3179916317991631,6.0,0.0,0.0,0.0,0.0,0.0,0,8
2016,Pepe,28-8-6,3749.0,1.0,1.0,0.0,18.0,8.0,8.0,0.0,94.0,42.0,0.0240064017071218,0.0240064017071218,0.1920512136569751,1.0,0.0,0.0,0.0,0.0,0.0,0,9
2016,Pierre-Emerick Aubameyang,38-9-7,4427.0,42.0,10.0,5.0,150.0,70.0,4.0,0.0,12.0,8.0,0.8538513666139598,0.2032979444318952,1.4230856110232664,10.0,0.0,0.0,0.0,0.0,0.0,0,11
2016,Zlatan Ibrahimović,43-9-8,4897.0,54.0,18.0,7.0,242.0,114.0,4.0,0.0,16.0,21.0,0.9924443536859302,0.3308147845619767,2.0951603022258527,18.0,0.0,0.0,0.0,0.0,0.0,0,13
2016,Paul Pogba,45-8-8,5207.0,10.0,15.0,1.0,156.0,48.0,12.0,0.0,62.0,96.0,0.1728442481275206,0.2592663721912809,0.8296523910120991,15.0,0.0,0.0,0.0,0.0,0.0,0,14
2016,Arturo Vidal,43-10-7,4333.0,12.0,12.0,2.0,95.0,39.0,15.0,0.0,68.0,104.0,0.2492499423032541,0.2492499423032541,0.8100623124855757,12.0,0.0,0.0,0.0,0.0,0.0,0,14
2017,Cristiano Ronaldo,38-12-6,4906.0,53.0,14.0,8.0,256.0,94.0,6.0,0.0,11.0,7.0,0.9722788422339992,0.2568283734203017,1.7244190786791684,14.0,0.0,0.0,0.0,0.0,0.0,0,1
2017,Lionel Messi,41-7-8,4810.0,57.0,18.0,10.0,217.0,93.0,9.0,0.0,7.0,23.0,1.0665280665280663,0.3367983367983368,1.7401247401247402,18.0,0.0,0.0,0.0,0.0,0.0,0,2
2017,Neymar,38-7-7,4572.0,26.0,26.0,5.0,125.0,52.0,18.0,1.0,16.0,46.0,0.5118110236220472,0.5118110236220472,1.0236220472440944,26.0,0.0,0.0,0.0,0.0,0.0,0,3
2017,Luka Modrić,31-6-6,3420.0,1.0,4.0,0.0,31.0,12.0,4.0,0.0,68.0,31.0,0.0263157894736842,0.1052631578947368,0.3157894736842105,4.0,0.0,0.0,0.0,0.0,0.0,0,5
2017,Sergio Ramos,35-10-5,4497.0,10.0,2.0,1.0,45.0,13.0,14.0,1.0,87.0,52.0,0.200133422281521,0.0400266844563042,0.2601734489659773,2.0,0.0,0.0,0.0,0.0,0.0,0,6
2017,Kylian Mbappé,31-7-7,2483.0,24.0,9.0,0.0,69.0,46.0,2.0,0.0,6.0,7.0,0.8699154248892469,0.3262182843334675,1.66733789770439,9.0,0.0,0.0,0.0,0.0,0.0,0,7
2017,N'Golo Kanté,38-5-8,4136.0,2.0,1.0,0.0,28.0,8.0,12.0,0.0,84.0,85.0,0.0435203094777562,0.0217601547388781,0.1740812379110251,1.0,0.0,0.0,0.0,0.0,0.0,0,8
2017,Robert Lewandowski,40-7-6,4559.0,54.0,9.0,14.0,196.0,77.0,6.0,0.0,18.0,14.0,1.0660232507128755,0.1776705417854792,1.5200701908313228,9.0,0.0,0.0,0.0,0.0,0.0,0,9
2017,Harry Kane,25-7-9,3398.0,38.0,7.0,7.0,130.0,66.0,4.0,0.0,7.0,17.0,1.0064743967039431,0.1854031783402001,1.748087110064744,7.0,0.0,0.0,0.0,0.0,0.0,0,10
2017,Edinson Cavani,36-10-11,4716.0,54.0,6.0,9.0,177.0,78.0,8.0,0.0,19.0,21.0,1.0305343511450382,0.1145038167938931,1.4885496183206106,6.0,0.0,0.0,0.0,0.0,0.0,0,11
2017,Isco,39-7-1,2518.0,13.0,10.0,0.0,40.0,18.0,5.0,0.0,21.0,38.0,0.4646544876886417,0.3574265289912628,0.6433677521842732,10.0,0.0,0.0,0.0,0.0,0.0,0,12
2017,Luis Suárez,39-8-11,4911.0,38.0,22.0,1.0,141.0,66.0,15.0,1.0,15.0,18.0,0.6963958460598656,0.4031765424557116,1.209529627367135,22.0,0.0,0.0,0.0,0.0,0.0,0,13
2017,Kevin De Bruyne,34-12-10,4500.0,7.0,23.0,0.0,105.0,27.0,6.0,0.0,35.0,43.0,0.1399999999999999,0.46,0.54,23.0,0.0,0.0,0.0,0.0,0.0,0,14
2017,Paulo Dybala,37-8-7,3587.0,19.0,9.0,6.0,113.0,41.0,5.0,1.0,23.0,19.0,0.4767214942849178,0.2258154446612768,1.0287148034569278,9.0,0.0,0.0,0.0,0.0,0.0,0,15
1998,Fabien Barthez,24-7-13,3990.0,0.0,0.0,0.0,,50.02255639097744,4.0,0.0,,,0.0,0.0,1.1283283396461077,0.0,158.0,33.0,109.0,74.0,11.0,1,14
2000,Fabien Barthez,22-5-6,2930.0,0.0,7.712062256809339,0.0,,50.02255639097744,4.0,0.0,,,0.0,0.2368892843388534,1.536529035900331,7.712062256809339,158.0,29.0,109.0,74.0,11.0,1,12
2000,Francesco Toldo,23-18-11,4710.0,0.0,7.712062256809339,0.0,,50.02255639097744,4.0,0.0,,,0.0,0.1473642469454013,0.9558450265791868,7.712062256809339,158.0,40.0,109.0,74.0,13.0,1,14
2001,Oliver Kahn,28-9-11,4325.0,0.0,7.712062256809339,0.0,,50.02255639097744,7.0,1.0,,,0.0,0.1604822203729111,1.040931809292016,7.712062256809339,158.0,33.0,109.0,74.0,8.0,1,3
2002,Oliver Kahn,31-13-7,4590.0,0.0,7.712062256809339,0.0,,50.02255639097744,3.0,0.0,,,0.0,0.1512169069962615,0.9808344390387732,7.712062256809339,158.0,23.0,109.0,74.0,24.0,1,3
2003,Gianluigi Buffon,26-13-8,4235.0,0.0,7.712062256809339,0.0,,50.02255639097744,2.0,0.0,,,0.0,0.1638927043950036,1.0630531464434405,7.712062256809339,158.0,23.0,109.0,74.0,15.0,1,9
2003,Dida,27-11-9,4215.0,0.0,7.712062256809339,0.0,,50.02255639097744,0.0,0.0,,,0.0,0.1646703684727972,1.0680972894870628,7.712062256809339,158.0,26.0,109.0,74.0,14.0,1,14
2005,Petr Čech,40-8-7,4980.0,0.0,0.0,0.0,,50.02255639097744,0.0,0.0,,,0.0,0.0,0.9040221034513996,0.0,158.0,21.0,109.0,74.0,28.0,1,14
2006,Gianluigi Buffon,16-9-2,2426.0,0.0,7.712062256809339,0.0,,50.02255639097744,0.0,0.0,,,0.0,0.2861028866911956,1.8557419930700616,7.712062256809339,158.0,13.0,109.0,74.0,10.0,1,2
2006,Jens Lehmann,28-11-12,4547.0,0.0,0.0,0.0,,50.02255639097744,1.0,1.0,,,0.0,0.0,0.9901099791484428,0.0,158.0,34.0,109.0,74.0,19.0,1,10
2008,Iker Casillas,36-7-10,4800.0,0.0,7.712062256809339,0.0,,50.02255639097744,5.0,0.0,,,0.0,0.1446011673151751,0.937922932330827,7.712062256809339,158.0,36.0,109.0,74.0,19.0,1,4
2010,Iker Casillas,41-5-7,4770.0,0.0,7.712062256809339,0.0,,50.02255639097744,2.0,0.0,,,0.0,0.1455106086190441,0.9438218186976876,7.712062256809339,158.0,39.0,109.0,74.0,19.0,1,7
2011,Iker Casillas,41-8-5,4801.0,0.0,0.0,0.0,,50.02255639097744,4.0,1.0,,,0.0,0.0,0.937727572419906,0.0,158.0,37.0,109.0,74.0,17.0,1,9
2012,Iker Casillas,44-7-3,4920.0,0.0,0.0,0.0,,50.02255639097744,1.0,0.0,,,0.0,0.0,0.9150467632495874,0.0,158.0,32.0,109.0,74.0,20.0,1,6
2014,Manuel Neuer,42-5-5,4665.0,0.0,0.0,0.0,,50.02255639097744,0.0,0.0,,,0.0,0.0,0.9650653966104972,0.0,27.0,24.0,109.0,88.9,21.0,1,3
2015,Manuel Neuer,40-8-11,5342.0,0.0,0.0,0.0,0.0,0.0,3.0,0.0,0.0,0.0,0.0,0.0,0.0,0.0,162.0,41.0,81.0,77.8,32.0,1,7
2016,Gianluigi Buffon,40-8-8,5048.0,0.0,0.0,0.0,0.0,0.0,2.0,0.0,1.0,0.0,0.0,0.0,0.0,0.0,126.0,36.0,110.0,79.4,31.0,1,9
2016,Rui Patrício,36-10-10,4964.0,0.0,0.0,0.0,0.0,0.0,4.0,2.0,1.0,1.0,0.0,0.0,0.0,0.0,42.0,43.0,37.0,52.4,22.0,1,12
2017,Gianluigi Buffon,35-10-7,4605.0,0.0,0.0,0.0,0.0,0.0,0.0,0.0,1.0,1.0,0.0,0.0,0.0,0.0,123.0,37.0,93.0,74.0,25.0,1,4
2018,Luka Modrić,30-13-10,4168.0,5.0,9.0,2.0,48.0,12.0,5.0,0.0,50.0,53.0,3.4,5.8,153.0,17.0,0.0,0.0,0.0,0.0,0.0,0,1
2018,Cristiano Ronaldo,33-12-8,4392.0,52.0,11.0,9.0,272.0,108.0,8.0,1.0,9.0,12.0,42.8,8.8,162.0,29.0,0.0,0.0,0.0,0.0,0.0,0,2
2018,Antoine Griezmann,37-18-9,4853.0,35.0,16.0,6.0,126.0,63.0,9.0,1.0,21.0,54.0,23.1,9.8,153.0,27.0,0.0,0.0,0.0,0.0,0.0,0,3
2018,Kylian Mbappé,44-9-8,4561.0,28.0,20.0,0.0,110.0,52.0,4.0,1.0,7.0,18.0,20.3,11.5,153.0,26.0,0.0,0.0,0.0,0.0,0.0,0,4
2018,Lionel Messi,42-16-6,5373.0,52.0,21.0,4.0,254.0,120.0,8.0,0.0,11.0,31.0,33.3,17.4,341.0,54.0,0.0,0.0,0.0,0.0,0.0,0,5
2018,Mohamed Salah,31-15-12,4628.0,50.0,14.0,3.0,200.0,91.0,2.0,0.0,12.0,20.0,32.8,12.7,227.0,50.0,0.0,0.0,0.0,0.0,0.0,0,6
2018,Raphaël Varane,31-13-7,4429.0,0.0,2.0,0.0,19.0,2.0,4.0,0.0,49.0,41.0,1.9,0.6,26.0,4.0,0.0,0.0,0.0,0.0,0.0,0,7
2018,Eden Hazard,36-14-13,4540.0,24.0,16.0,6.0,110.0,49.0,3.0,0.0,9.0,9.0,12.7,10.2,264.0,28.0,0.0,0.0,0.0,0.0,0.0,0,8
2018,Kevin De Bruyne,52-7-5,5073.0,13.0,25.0,0.0,131.0,49.0,8.0,0.0,45.0,78.0,6.2,15.0,262.0,45.0,0.0,0.0,0.0,0.0,0.0,0,9
2018,Harry Kane,35-12-8,4526.0,51.0,5.0,6.0,238.0,97.0,5.0,0.0,9.0,19.0,31.7,4.8,158.0,19.0,0.0,0.0,0.0,0.0,0.0,0,10
2018,N'Golo Kanté,33-15-11,5110.0,1.0,2.0,0.0,32.0,5.0,4.0,0.0,135.0,146.0,1.0,3.1,112.0,8.0,0.0,0.0,0.0,0.0,0.0,0,11
2018,Neymar,33-5-3,3598.0,32.0,20.0,6.0,130.0,58.0,14.0,1.0,6.0,34.0,21.2,15.7,257.0,49.0,0.0,0.0,0.0,0.0,0.0,0,12
2018,Luis Suárez,42-13-5,5236.0,36.0,19.0,2.0,164.0,72.0,14.0,0.0,13.0,21.0,29.4,12.2,176.0,27.0,0.0,0.0,0.0,0.0,0.0,0,13
2018,Paul Pogba,29-8-10,3628.0,7.0,13.0,0.0,102.0,26.0,8.0,1.0,30.0,45.0,7.9,6.3,129.0,23.0,0.0,0.0,0.0,0.0,0.0,0,15
2019,Lionel Messi,38-12-6,4524.0,54.0,19.0,6.0,262.0,124.0,3.0,0.0,8.0,27.0,31.9,20.3,339.0,48.0,0.0,0.0,0.0,0.0,0.0,0,1
2019,Virgil van Dijk,43-8-8,5304.0,9.0,4.0,0.0,44.0,14.0,5.0,0.0,53.0,50.0,5.2,1.7,41.0,10.0,0.0,0.0,0.0,0.0,0.0,0,2
2019,Cristiano Ronaldo,32-9-6,3944.0,31.0,10.0,6.0,235.0,81.0,4.0,1.0,10.0,13.0,27.1,7.8,187.0,18.0,0.0,0.0,0.0,0.0,0.0,0,3
2019,Sadio Mané,40-9-7,4758.0,27.0,4.0,0.0,115.0,51.0,4.0,0.0,20.0,55.0,23.2,6.5,170.0,22.0,0.0,0.0,0.0,0.0,0.0,0,4
2019,Mohamed Salah,44-8-7,4901.0,33.0,13.0,5.0,200.0,81.0,3.0,0.0,9.0,32.0,27.3,12.7,211.0,25.0,0.0,0.0,0.0,0.0,0.0,0,5
2019,Kylian Mbappé,41-8-8,4613.0,45.0,18.0,4.0,180.0,95.0,9.0,2.0,8.0,11.0,33.9,10.9,166.0,30.0,0.0,0.0,0.0,0.0,0.0,0,6
2019,Robert Lewandowski,38-9-8,4895.0,42.0,9.0,8.0,201.0,79.0,6.0,0.0,17.0,14.0,37.6,9.3,153.0,29.0,0.0,0.0,0.0,0.0,0.0,0,8
2019,Bernardo Silva,47-7-5,4702.0,14.0,15.0,0.0,88.0,35.0,3.0,0.0,38.0,67.0,9.0,8.4,173.0,20.0,0.0,0.0,0.0,0.0,0.0,0,9
2019,Riyad Mahrez,41-6-6,3262.0,15.0,13.0,0.0,103.0,41.0,1.0,0.0,14.0,23.0,6.8,6.5,73.0,14.0,0.0,0.0,0.0,0.0,0.0,0,10
2019,Frenkie de Jong,40-8-9,4797.0,3.0,4.0,0.0,35.0,11.0,2.0,0.0,67.0,81.0,2.4,5.1,148.0,21.0,0.0,0.0,0.0,0.0,0.0,0,11
2019,Raheem Sterling,45-8-9,5071.0,31.0,15.0,0.0,127.0,59.0,6.0,0.0,27.0,42.0,17.0,13.1,202.0,34.0,0.0,0.0,0.0,0.0,0.0,0,12
2019,Eden Hazard,41-13-12,5071.0,27.0,21.0,7.0,131.0,55.0,3.0,0.0,19.0,18.0,12.8,13.2,277.0,39.0,0.0,0.0,0.0,0.0,0.0,0,13
2019,Kevin De Bruyne,31-2-5,2336.0,8.0,12.0,0.0,73.0,32.0,3.0,0.0,18.0,32.0,2.1,7.8,117.0,13.0,0.0,0.0,0.0,0.0,0.0,0,14
2019,Matthijs de Ligt,42-10-8,5385.0,8.0,1.0,0.0,68.0,21.0,4.0,0.0,55.0,50.0,4.3,1.1,42.0,5.0,0.0,0.0,0.0,0.0,0.0,0,15
2021,Lionel Messi,35-11-11,5092.0,43.0,14.0,10.0,302.0,135.0,6.0,1.0,12.0,28.0,30.3,13.4,323.0,45.0,0.0,0.0,0.0,0.0,0.0,0,1
2021,Robert Lewandowski,30-10-8,3994.0,54.0,9.0,10.0,184.0,76.0,5.0,0.0,6.0,17.0,38.0,6.1,105.0,22.0,0.0,0.0,0.0,0.0,0.0,0,2
2021,Jorginho,34-13-8,4262.0,9.0,3.0,9.0,8.0,1.0,7.0,0.0,89.0,90.0,8.9,3.1,90.0,7.0,0.0,0.0,0.0,0.0,0.0,0,3
2021,Karim Benzema,33-13-8,4530.0,36.0,10.0,2.0,170.0,75.0,2.0,0.0,11.0,17.0,27.4,8.0,134.0,21.0,0.0,0.0,0.0,0.0,0.0,0,4
2021,N'Golo Kanté,34-17-8,4069.0,1.0,3.0,0.0,14.0,4.0,10.0,0.0,109.0,99.0,1.2,2.4,78.0,3.0,0.0,0.0,0.0,0.0,0.0,0,5
2021,Cristiano Ronaldo,38-12-9,5007.0,46.0,6.0,12.0,253.0,98.0,7.0,0.0,9.0,8.0,37.1,5.9,156.0,23.0,0.0,0.0,0.0,0.0,0.0,0,6
2021,Mohamed Salah,27-14-12,4379.0,33.0,6.0,7.0,153.0,66.0,0.0,0.0,6.0,24.0,24.4,7.1,155.0,18.0,0.0,0.0,0.0,0.0,0.0,0,7
2021,Kevin De Bruyne,37-6-8,3848.0,13.0,25.0,2.0,117.0,40.0,3.0,0.0,13.0,48.0,11.7,12.3,193.0,28.0,0.0,0.0,0.0,0.0,0.0,0,8
2021,Kylian Mbappé,44-10-9,4964.0,48.0,17.0,10.0,172.0,81.0,8.0,0.0,5.0,6.0,31.4,10.7,175.0,36.0,0.0,0.0,0.0,0.0,0.0,0,9
2021,Erling Haaland,31-4-16,4398.0,48.0,11.0,3.0,153.0,86.0,5.0,0.0,9.0,8.0,29.5,5.7,91.0,25.0,0.0,0.0,0.0,0.0,0.0,0,11
2021,Romelu Lukaku,40-12-6,4769.0,42.0,12.0,10.0,146.0,68.0,7.0,0.0,3.0,13.0,27.6,7.9,151.0,30.0,0.0,0.0,0.0,0.0,0.0,0,12
2021,Giorgio Chiellini,21-5-6,2273.0,0.0,2.0,0.0,9.0,1.0,6.0,0.0,46.0,13.0,1.0,0.7,18.0,2.0,0.0,0.0,0.0,0.0,0.0,0,12
2021,Leonardo Bonucci,33-9-6,3693.0,2.0,0.0,0.0,25.0,3.0,7.0,1.0,60.0,25.0,2.7,0.7,19.0,3.0,0.0,0.0,0.0,0.0,0.0,0,14
2021,Raheem Sterling,43-8-7,4441.0,19.0,10.0,1.0,123.0,54.0,6.0,0.0,24.0,31.0,15.5,8.1,132.0,18.0,0.0,0.0,0.0,0.0,0.0,0,15
2022,Karim Benzema,39-9-8,4650.0,50.0,15.0,11.0,192.0,83.0,2.0,0.0,7.0,14.0,32.2,10.5,176.0,29.0,0.0,0.0,0.0,0.0,0.0,0,1
2022,Sadio Mané,47-15-5,5341.0,33.0,7.0,5.0,137.0,57.0,10.0,0.0,10.0,42.0,21.7,7.2,153.0,17.0,0.0,0.0,0.0,0.0,0.0,0,2
2022,Kevin De Bruyne,33-10-10,3944.0,21.0,17.0,1.0,133.0,52.0,4.0,0.0,16.0,39.0,7.5,13.9,201.0,20.0,0.0,0.0,0.0,0.0,0.0,0,3
2022,Robert Lewandowski,39-8-9,4805.0,57.0,10.0,9.0,225.0,111.0,4.0,0.0,10.0,14.0,43.4,6.4,137.0,26.0,0.0,0.0,0.0,0.0,0.0,0,4
2022,Mohamed Salah,44-16-6,5449.0,33.0,18.0,6.0,200.0,78.0,1.0,0.0,12.0,24.0,31.6,12.0,192.0,31.0,0.0,0.0,0.0,0.0,0.0,0,5
2022,Kylian Mbappé,36-12-7,4630.0,49.0,26.0,7.0,204.0,93.0,12.0,0.0,7.0,12.0,28.8,14.3,210.0,50.0,0.0,0.0,0.0,0.0,0.0,0,6
2022,Vinícius Júnior,45-9-9,4773.0,23.0,16.0,0.0,117.0,57.0,10.0,0.0,11.0,67.0,16.4,11.6,244.0,38.0,0.0,0.0,0.0,0.0,0.0,0,8
2022,Luka Modrić,38-7-10,4065.0,7.0,14.0,3.0,56.0,24.0,6.0,0.0,48.0,33.0,3.8,7.2,116.0,17.0,0.0,0.0,0.0,0.0,0.0,0,9
2022,Erling Haaland,26-4-9,3094.0,42.0,10.0,11.0,133.0,67.0,3.0,0.0,3.0,2.0,21.2,5.9,67.0,16.0,0.0,0.0,0.0,0.0,0.0,0,10
2022,Son Heung-min,33-9-14,4530.0,30.0,8.0,1.0,96.0,56.0,3.0,0.0,14.0,16.0,16.7,8.2,146.0,16.0,0.0,0.0,0.0,0.0,0.0,0,11
2022,Riyad Mahrez,37-10-11,3881.0,29.0,11.0,8.0,124.0,47.0,1.0,0.0,14.0,30.0,16.9,5.8,125.0,17.0,0.0,0.0,0.0,0.0,0.0,0,12
2022,Sébastien Haller,34-9-7,4138.0,35.0,9.0,4.0,125.0,56.0,5.0,0.0,3.0,22.0,31.1,7.7,97.0,16.0,0.0,0.0,0.0,0.0,0.0,0,13
2022,Fabinho,44-11-4,4256.0,8.0,1.0,3.0,34.0,10.0,11.0,0.0,70.0,77.0,4.2,2.4,73.0,7.0,0.0,0.0,0.0,0.0,0.0,0,14
2022,Rafael Leão,32-11-8,3446.0,14.0,14.0,0.0,111.0,46.0,6.0,0.0,14.0,23.0,8.8,7.3,117.0,20.0,0.0,0.0,0.0,0.0,0.0,0,14
2023,Lionel Messi,39-6-9,4805.0,38.0,25.0,5.0,187.0,79.0,1.0,0.0,5.0,35.0,24.7,18.1,282.0,47.0,0.0,0.0,0.0,0.0,0.0,0,1
2023,Erling Haaland,42-10-9,4784.0,61.0,11.0,12.0,196.0,103.0,6.0,0.0,6.0,4.0,39.0,6.1,92.0,19.0,0.0,0.0,0.0,0.0,0.0,0,2
2023,Kylian Mbappé,39-8-12,4859.0,55.0,12.0,8.0,238.0,119.0,6.0,0.0,7.0,10.0,35.1,9.8,217.0,42.0,0.0,0.0,0.0,0.0,0.0,0,3
2023,Kevin De Bruyne,40-10-10,4565.0,13.0,31.0,0.0,117.0,42.0,2.0,0.0,19.0,38.0,7.1,18.1,229.0,38.0,0.0,0.0,0.0,0.0,0.0,0,4
2023,Rodri,45-14-8,5485.0,4.0,8.0,0.0,88.0,21.0,11.0,0.0,62.0,96.0,5.5,4.8,120.0,12.0,0.0,0.0,0.0,0.0,0.0,0,5
2023,Vinícius Júnior,39-10-13,5239.0,22.0,22.0,1.0,138.0,64.0,16.0,1.0,8.0,43.0,18.0,12.8,230.0,33.0,0.0,0.0,0.0,0.0,0.0,0,6
2023,Julián Álvarez,47-9-8,3463.0,24.0,4.0,2.0,97.0,47.0,3.0,0.0,4.0,37.0,12.4,2.9,87.0,13.0,0.0,0.0,0.0,0.0,0.0,0,7
2023,Victor Osimhen,29-8-5,3266.0,33.0,4.0,2.0,150.0,61.0,5.0,0.0,7.0,15.0,26.3,3.3,91.0,10.0,0.0,0.0,0.0,0.0,0.0,0,8
2023,Bernardo Silva,51-11-9,4672.0,10.0,10.0,0.0,45.0,19.0,12.0,0.0,34.0,65.0,3.5,5.0,126.0,17.0,0.0,0.0,0.0,0.0,0.0,0,9
2023,Luka Modrić,42-14-12,4504.0,9.0,8.0,4.0,57.0,18.0,8.0,0.0,43.0,39.0,5.9,6.3,130.0,11.0,0.0,0.0,0.0,0.0,0.0,0,10
2023,Mohamed Salah,31-11-14,4724.0,34.0,20.0,5.0,151.0,61.0,2.0,0.0,9.0,24.0,25.6,9.7,163.0,28.0,0.0,0.0,0.0,0.0,0.0,0,11
2023,Robert Lewandowski,33-8-18,5051.0,37.0,11.0,2.0,205.0,85.0,5.0,1.0,6.0,26.0,31.3,7.5,120.0,20.0,0.0,0.0,0.0,0.0,0.0,0,12
2023,İlkay Gündoğan,39-15-8,4546.0,14.0,6.0,3.0,91.0,36.0,5.0,0.0,38.0,45.0,10.3,5.1,131.0,21.0,0.0,0.0,0.0,0.0,0.0,0,14
2024,Rodri,45-12-1,5038.0,12.0,14.0,2.0,97.0,33.0,14.0,1.0,35.0,89.0,5.2,5.0,216.0,31.0,0.0,0.0,0.0,0.0,0.0,0,1
2024,Vinícius Júnior,32-13-3,3679.0,26.0,11.0,3.0,126.0,58.0,12.0,0.0,4.0,30.0,18.3,8.2,126.0,16.0,0.0,0.0,0.0,0.0,0.0,0,2
2024,Jude Bellingham,34-14-3,4386.0,27.0,15.0,1.0,100.0,50.0,12.0,1.0,36.0,70.0,14.6,8.2,157.0,22.0,0.0,0.0,0.0,0.0,0.0,0,3
2024,Dani Carvajal,41-10-1,4193.0,7.0,8.0,0.0,34.0,15.0,12.0,1.0,41.0,74.0,2.9,4.2,70.0,8.0,0.0,0.0,0.0,0.0,0.0,0,4
2024,Erling Haaland,35-11-7,4347.0,45.0,6.0,9.0,179.0,82.0,1.0,0.0,2.0,11.0,36.2,5.4,77.0,13.0,0.0,0.0,0.0,0.0,0.0,0,5
2024,Kylian Mbappé,37-14-8,4717.0,52.0,18.0,13.0,232.0,110.0,8.0,0.0,10.0,6.0,31.0,10.2,166.0,21.0,0.0,0.0,0.0,0.0,0.0,0,6
2024,Lautaro Martínez,45-7-5,4045.0,34.0,4.0,4.0,163.0,67.0,9.0,0.0,26.0,29.0,25.6,4.2,116.0,19.0,0.0,0.0,0.0,0.0,0.0,0,7
2024,Lamine Yamal,41-9-11,3609.0,9.0,12.0,0.0,103.0,33.0,6.0,0.0,29.0,75.0,8.4,9.9,158.0,23.0,0.0,0.0,0.0,0.0,0.0,0,8
2024,Toni Kroos,41-12-2,3789.0,1.0,12.0,0.0,45.0,19.0,6.0,0.0,36.0,79.0,2.1,7.5,179.0,17.0,0.0,0.0,0.0,0.0,0.0,0,9
2024,Harry Kane,35-10-11,4759.0,51.0,13.0,9.0,192.0,81.0,4.0,0.0,10.0,24.0,39.2,8.0,120.0,18.0,0.0,0.0,0.0,0.0,0.0,0,10
2024,Phil Foden,41-16-7,5102.0,27.0,13.0,0.0,164.0,69.0,4.0,0.0,20.0,35.0,13.9,11.0,194.0,31.0,0.0,0.0,0.0,0.0,0.0,0,11
2024,Florian Wirtz,47-12-4,4268.0,20.0,21.0,2.0,107.0,51.0,7.0,0.0,15.0,35.0,11.9,10.9,233.0,29.0,0.0,0.0,0.0,0.0,0.0,0,12
2024,Dani Olmo,19-5-6,1994.0,11.0,6.0,1.0,74.0,23.0,1.0,0.0,14.0,32.0,5.1,6.6,83.0,11.0,0.0,0.0,0.0,0.0,0.0,0,13
2024,Ademola Lookman,28-14-17,3758.0,22.0,12.0,0.0,108.0,39.0,6.0,0.0,13.0,28.0,11.9,6.3,132.0,17.0,0.0,0.0,0.0,0.0,0.0,0,14
2024,Nico Williams,29-10-7,3331.0,10.0,21.0,0.0,87.0,28.0,7.0,1.0,3.0,32.0,6.8,6.6,137.0,26.0,0.0,0.0,0.0,0.0,0.0,0,15
2018,Thibaut Courtois,33-13-11,5160.0,0.0,1.0,0.0,0.0,0.0,3.0,0.0,2.0,0.0,0.0,0.0,5.0,1.0,158.0,57.0,111.0,70.9,25.0,1,14
2019,Alisson,45-10-6,5520.0,0.0,0.0,0.0,0.0,0.0,1.0,0.0,2.0,2.0,0.0,0.0,7.0,1.0,161.0,37.0,127.0,77.6,35.0,1,7
2021,Gianluigi Donnarumma,40-15-10,5818.0,0.0,0.0,0.0,0.0,0.0,5.0,1.0,2.0,0.0,0.0,0.0,10.0,0.0,185.0,55.0,130.0,72.3,25.0,1,10
2022,Thibaut Courtois,40-7-11,5310.0,0.0,0.0,0.0,0.0,0.0,1.0,0.0,1.0,1.0,0.0,0.0,4.0,0.0,216.0,51.0,165.0,77.3,23.0,1,7
2023,Yassine Bounou,15-14-19,4206.0,0.0,0.0,0.0,0.0,0.0,4.0,0.0,2.0,2.0,0.0,0.0,2.0,0.0,171.0,65.0,108.0,62.9,13.0,1,13
2023,Emiliano Martínez,28-9-13,4448.0,0.0,0.0,0.0,0.0,0.0,8.0,0.0,1.0,0.0,0.0,0.3,5.0,0.0,148.0,47.0,105.0,71.7,20.0,1,15
